{
  "name": "释放法术",
  "icon": "",
  "category": "arcane_lessons",
  "advancement": "elementaristics:progress_ascension_5",
  "pages": [
    {
      "type": "text",
      "text": "神秘学向我们展示了一种能够满足大众梦想的可能！施放法术如今不再是空中楼阁。$(br)想要施放法术，你必须制作一个$(l:shaping/entry_thaumagral)神秘护手$()。使用神秘护手可以释放当前选定的法术。"
    },
    {
      "type": "text",
      "text": "你可以按下$(l)$(k:elementaristics_down)$() 或$(l)$(k:elementaristics_up)$()键来上下循环切换法术。$(br)法术之间的切换有冷却时间，同时也会消耗源力，并阻碍源力的再生。"
    }
  ]
}