{
  "name": "Opium Plant",
  "icon": "elementaristics:petal_opium",
  "advancement": "elementaristics:progress_ascension_identification",
  "category": "vis_vitalis",
  "pages": [
    {
      "type": "text",
      "text": "This close relative to the poppy is created with some arcane shenanigans.$(br)It does not look much different，yet its seeds have some good use in the creation of $(item)$(l:alchemy/entry_laudanum)Arcane Laudanum$()."
    },
    {
      "type": "reactor_recipe",
      "recipe": "elementaristics:seeds_opium",
      "text": "Simply letting a Poppy react with Mind Essence should do the trick."
    }
  ]
}