{
  "name": "Sharing Health",
  "icon": "elementaristics:incantation_health_share",
  "category": "vis_vitalis",
  "advancement": "elementaristics:progress_potential",
  "pages": [
    {
      "type": "text",
      "text": "With at least one bound entity and the potion effect of $(marked)Health Sharing$()，it is possible to equally divide all damage the cultist with said potion effect takes。$(t:Interestingly enough，regenerated health will also be divided among the bound entities...)This damage will then be applied to all bound entities.$()$(br2)There are many ways of obtaining the Health Sharing effect temporarily; however，usually，this is done with a ritual."
    },
    {
      "type": "concentrator_recipe",
      "recipe": "elementaristics:incantation_health_share",
      "text": "$(o)This does not make you married$()"
    }
  ]
}