{
  "name": "Rite: Feast",
  "icon": "elementaristics:incantation_feast",
  "category": "vis_vitalis",
  "pages": [
    {
      "type": "text",
      "text": "The Rite of $(marked)the Feast on the Soul$() is a rite invoking the aspect of bodies and the aspect of life.$(br)It can be performed by a single person，and will fill hunger and grant saturation upon completion."
    },
    {
      "type": "tunneler_recipe",
      "recipe": "elementaristics:incantation_feast",
      "link_recipe": true,
      "text": "$(o)Nomnomnomnomnom$()"
    }
  ],
  "advancement": "elementaristics:progress_ascension_2"
}