{
  "name": "The Heart of Stone",
  "icon": "elementaristics:heart_stone",
  "category": "vis_vitalis",
  "advancement": "elementaristics:progress_forging",
  "pages": [
    {
      "type": "text",
      "text": "The $(item)Heart of Stone$() is cold to the touch，and feels like an urn where frames of bone reside.$(br)It is a $(marked)Rite Tool$() of $Earth，and it has the ability to apply $(marked)$(t:This effect is used for certain rites)\"potential\"$() to entities hit with it."
    },
    {
      "type": "elementaristics:forging_recipe",
      "recipe": "elementaristics:heart_stone",
      "text": "$(o)In the grave you dug for me$()"
    }
  ]
}