{
  "name": "Dormant Seeds",
  "icon": "elementaristics:seed_dormant",
  "advancement": "elementaristics:progress_concentrator",
  "category": "vis_vitalis",
  "pages": [
    {
      "type": "text",
      "text": "$(marked)Dormant Seeds$() are an essential component for most works on Vis Vitalis，as these are seeds with technically infinite potential.$(br)They can literally become anything，given the right influences and knowledge."
    },
    {
      "type": "crafting",
      "recipe": "elementaristics:recipe_seed"
    },
    {
      "type": "concentrator_recipe",
      "recipe": "elementaristics:seed_dormant_7"
    },
    {
      "type": "concentrator_recipe",
      "recipe": "elementaristics:seed_dormant_6"
    },
    {
      "type": "concentrator_recipe",
      "recipe": "elementaristics:seed_dormant_1"
    },
    {
      "type": "concentrator_recipe",
      "recipe": "elementaristics:seed_dormant_2"
    },
    {
      "type": "concentrator_recipe",
      "recipe": "elementaristics:seed_dormant_3"
    },
    {
      "type": "concentrator_recipe",
      "recipe": "elementaristics:seed_dormant_4"
    },
    {
      "type": "concentrator_recipe",
      "recipe": "elementaristics:seed_dormant_5"
    }
  ]
}