{
  "name": "Protoplasm",
  "icon": "elementaristics:protoplasm",
  "category": "vis_vitalis",
  "advancement": "elementaristics:progress_glory",
  "pages": [
    {
      "type": "text",
      "text": "Protoplasm is the physical manifestation of the Thread，and is an incredibly malleable，organic substance，that can be shaped in quite a lot of ways。$(o)This could be useful later on...$()"
    },
    {
      "type": "spotlight",
      "item": "elementaristics:protoplasm",
      "link_recipe": true,
      "text": "Protoplasm is created by feeding a bestowed $(l:alchemy/entry_flesh_lamb)forgotten memory$() to a $(marked)tamed living being$() or a player，destroying the creature's body in the process and rearranging it into a protoplasmic sample。This requires a lot of Magan to work."
    },
    {
      "type": "image",
      "images": [
        "elementaristics:textures/images/slimecreation.png",
        "elementaristics:textures/images/slimecreated.png"
      ],
      "border": true,
      "text": "This sample may be thrown into water to create a Protoplasmic Slime."
    },
    {
      "type": "text",
      "text": "But behold! This slime is aggressive，and may only be tamed with a sufficient amount of $(l:vitalis/entry_moss_everchanging)Everchanging Moss$()。Once tamed，this slime can be dyed，may be commanded to sit or follow its owner，albeit slowly，and will also defend them if necessary。The Protoplasmic Slime may also gain in size under special circumstances."
    },
    {
      "type": "text",
      "text": "Over time，one may also notice other special properties。As example，the slimes seem to harden when on colder surfaces like snow or ice."
    }
  ]
}